question,reference_answer,Bot_Answer
What is the main idea behind the paper 'Attention is All You Need'?,"The paper proposes the Transformer architecture, which relies entirely on attention mechanisms, eliminating recurrence entirely and enabling more parallelization.","The paper ""Attention is All You Need"" proposes a new neural network architecture called the Transformer, which relies entirely on attention mechanisms instead of recurrent layers. This architecture replaces recurrence with attention, offering improvements in speed and scalability, particularly for long-range dependencies, and effectively solves the limitations of previous models like LSTMs."
What is the Transformer architecture?,The Transformer is a neural network architecture based solely on self-attention mechanisms. It processes input sequences in parallel and uses encoder-decoder layers without any recurrence.,"The Transformer architecture consists of stacked self-attention and point-wise, fully connected layers. It is composed of an encoder and decoder stacks, each with two sub-layers. The encoder has a multi-head self-attention mechanism and a simple, position-wise fully connected feed-forward network. The decoder has a multi-head self-attention mechanism and a simple, position-wise fully connected feed-forward network.
"
How does the self-attention mechanism work in the Transformer?,"Self-attention allows each word in a sequence to attend to all other words, computing a weighted sum based on learned attention scores derived from queries, keys, and values.","In the Transformer, self-attention allows each position in the sequence to attend to all other positions in the sequence to compute a representation of the sequence. Here’s a breakdown of how it works:

1.  **Queries, Keys, and Values:** Each position in the sequence generates three vectors:
    *   **Queries (Q):** Come from the previous decoder layer.
    *   **Keys (K):** Come from the encoder.
    *   **Values (V):** Come from the encoder.

2.  **Calculating Attention Weights:** The model calculates an ""attention weight"" between each pair of positions. This weight represents how much attention should be paid to each position when computing the representation of a given position.

3.  **Combining Values:** The weighted values are then combined to produce a representation of the current position.

4.  **Parallel Processing:**  Because each position in the sequence can attend to all other positions, self-attention is highly parallelizable.

5. **Multi-Head Attention:** The model performs multiple ""heads"" of self-attention, each using different learned parameters that allows the model to understand context better.

In essence, self-attention creates a context-aware representation of each position in the sequence by allowing each position to “pay attention” to all other positions.
"
What is the purpose of positional encoding in Transformers?,"Since Transformers lack recurrence, positional encoding is added to input embeddings to give the model information about the relative or absolute position of tokens in the sequence.","The answer is:

Positional encodings are added to the input embeddings at the bottom of the encoder and decoder stacks. They allow the model to easily learn to attend by relative positions."
How is multi-head attention different from single-head attention?,"Multi-head attention allows the model to jointly attend to information from different representation subspaces at different positions, improving its ability to model relationships.","Multi-head attention differs from single-head attention in that it utilizes multiple attention heads. Each head independently learns to attend to different parts of the input sequence, allowing the model to capture a richer representation of the data. Single-head attention, on the other hand, applies a single attention mechanism to the entire sequence."
What are the main components of the Transformer encoder?,"The encoder consists of a stack of identical layers, each containing two sub-layers: a multi-head self-attention mechanism and a position-wise fully connected feed-forward network.","The main components of the Transformer encoder are:

*   A stack of N = 6 identical layers.
*   Each layer has two sub-layers:
    *   A multi-head self-attention mechanism.
    *   A simple, position-wise fully connected feed-forward network.

"
What are the main components of the Transformer decoder?,"Each decoder layer has three sub-layers: masked multi-head self-attention, multi-head attention over encoder output, and a feed-forward network.","The Transformer decoder consists of:

*   **Self-attention layers:** These allow each position in the decoder to attend to all positions in the decoder up to and including that position.
*   **Scaled dot-product attention:** This is implemented inside scaled dot-product attention by masking out illegal connections.
*   **Linear transformations:** These are applied to each position separately and identically, using two linear transformations with a ReLU activation between them."
Why is masking used in the decoder's self-attention?,Masking prevents positions from attending to subsequent positions to preserve the auto-regressive property during training.,"Masking is used to prevent positions from attending to subsequent positions. Specifically, it ensures that the predictions for position i can depend only on the known outputs at positions less than i.
"
What is layer normalization in the Transformer?,Layer normalization is applied after each sub-layer to stabilize and accelerate training by normalizing the input layer-wise.,"Layer normalization is a technique used to normalize the input data to a specific range. It's applied to each layer in the model, including the self-attention and feed-forward networks, to improve training stability and speed. It helps prevent vanishing or exploding gradients."
What is residual connection in the Transformer model?,"Residual connections are added around each sub-layer, followed by layer normalization, helping with gradient flow and convergence.","In the Transformer model, residual connections are used around each sub-layer of each layer. This helps to mitigate the vanishing gradient problem, enabling the model to learn more complex relationships.
"
What are the benefits of the Transformer over RNNs?,"Transformers enable parallel computation, have shorter paths between dependencies, and are more efficient to train compared to RNNs and LSTMs.","Based on the provided text, the Transformer offers several benefits over RNNs:

*   **Parallelization:** The Transformer can be trained significantly faster than RNNs due to its reliance on attention mechanisms.
*   **Training Time:** It can reach a new state-of-the-art in translation quality after being trained for as little as twelve hours on eight P100 GPUs.
*   **Performance:** The Transformer performs sur-prisingly well, yielding better results than previously reported models with the exception of the Recurrent Neural Network Grammar [8].

"
What dataset was used to evaluate the Transformer model?,The Transformer was evaluated on English-to-German and English-to-French translation tasks using the WMT 2014 datasets.,"The Transformer model was evaluated on the Wall Street Journal (WSJ) portion of the Penn Treebank and the larger high-confidence and BerkleyParser corpora.
"
What optimizer was used to train the Transformer?,The Adam optimizer was used with specific beta values and a custom learning rate schedule.,The provided context does not specify the optimizer used to train the Transformer. It only states that it was trained using a rate of 0.1 drop.
How many layers were used in the base Transformer model?,The base model uses 6 layers each for the encoder and decoder.,The base Transformer model has 6 identical layers.
How does the learning rate schedule work in the Transformer?,"The learning rate increases linearly for warm-up steps, then decreases proportionally to the inverse square root of the step number.",The provided text does not discuss the learning rate schedule. It focuses on the architecture and its performance compared to existing models.
What is label smoothing and why is it used?,Label smoothing is a regularization technique that prevents the model from becoming over-confident by softening the target distribution.,"According to the provided text, label smoothing is used to prevent leftward information flow in the decoder to preserve the auto-regressive property. It’s a technique employed to mitigate the effect of the softmax function growing into regions with extremely small gradients during training, particularly when dealing with larger values of dk.

Here’s a breakdown of why it’s used based on the context:

*   **Problem:** The dot product attention function can lead to small gradients in the softmax layer, causing instability during training.
*   **Solution:** Label smoothing scales the dot products by a factor of √dk. This reduces the magnitude of the gradients.
*   **Purpose:**  To ensure the model’s auto-regressive property is preserved – the decoder generates subsequent tokens based on its previous outputs.

"
"How are queries, keys, and values computed in self-attention?","They are computed by multiplying the input by learned projection matrices Wq, Wk, and Wv respectively.","In self-attention, the query, keys, and values are computed by a compatibility function of the query with the corresponding key. Specifically, the query is multiplied by the key, and the result is divided by √dk.
"
What is the purpose of the feed-forward network in each layer?,"The feed-forward network applies two linear transformations with a ReLU activation in between, applied independently to each position.","In each layer of the encoder and decoder, the feed-forward network consists of two linear transformations with a ReLU activation between them. The total computational complexity per layer is the amount of computations that can be parallelized, measured by the minimum number of sequential operations required.
"
How does the Transformer perform compared to previous models?,The Transformer outperforms previous models like GNMT on BLEU scores and trains significantly faster.,"The Transformer achieves better BLEU scores than previous state-of-the-art models on the English-to-German and English-to-French translation tasks, establishing a new state-of-the-art BLEU score of 28.4. This was achieved by applying it successfully to English constituency parsing. The big transformer model (Transformer (big) in Table 2) outperforms the best previously reported models by more than 2.0 BLEU."
Why does the Transformer model generalize better?,"Due to its architecture, the Transformer captures long-range dependencies more effectively and is less prone to vanishing gradients.","The Transformer model generalizes better due to the following reasons, as detailed in the provided text:

*   **Large Models:** Larger models are better.
*   **Dropout:** Dropout is very helpful in avoiding over-fitting.
*   **Multi-head attention:** This allows the model to jointly attend to information from different representation subspaces at different positions.
*   **Parallel Attention:** The model employs parallel attention, which reduces the computational cost and improves its ability to handle different data representations.
*   **Scaling Dot-Product Attention:** Scaling dot-product attention helps with better results.
*   **Residual Connections:** Residual connections are used to facilitate these.
*   **Layer Normalization:** Layer normalization is used to improve training.
*   **Limited Training Data:** The model was trained with a smaller training dataset and a restricted number of training sentences, allowing it to generalize effectively.

"
What role does attention play in sequence transduction tasks?,Attention helps the model focus on relevant parts of the input sequence when generating each token in the output.,"In sequence transduction tasks, self-attention plays a crucial role by allowing each position in the sequence to attend over all positions in the input sequence. This mimics the encoder-decoder attention mechanisms used in sequence-to-sequence models, enabling the model to capture long-range dependencies and understand the context of the entire sequence. Specifically, it’s used in three ways:

1.  **Encoder-Decoder Attention:** Queries come from the previous decoder layer, and memory keys and values come from the encoder.
2.  **Self-Attention:** All keys, values, and queries come from the same place, allowing each position to attend to all positions in the encoder.
3.  **Decoder Self-Attention:** Each position in the decoder attends to all positions in the decoder up to and including that position.

"
What is the dimension of embeddings in the base model?,The base model uses embeddings of size 512 for all layers and components.,The dimension of embeddings in the base model is 512.
Why are embeddings scaled by sqrt(d_model)?,To avoid large dot-product values which can push softmax into regions with very small gradients.,"To counteract the effect of the dot product growing large in magnitude, we scale the dot products by 1/√dk.
"
What is shared between the input and output embeddings?,"The same weight matrix is shared between the input and output embedding layers, and the pre-softmax linear transformation.",The input and output embeddings in the model share the same dimension dmodel = 512.
How are position-wise feed-forward networks implemented?,"They apply two linear transformations with a ReLU activation in between, independently to each position.","In addition to attention sub-layers, each layer in our encoder and decoder contains a fully connected feed-forward network, which is applied to each position separately and identically. This consists of two linear transformations with a ReLU activation in between.
"
What are the different attention heads capturing?,Each attention head captures different aspects or patterns of relationships between words.,"Based on the provided text, the multi-head attention heads are capturing different tasks related to the syntactic and semantic structure of the sentences. Specifically, they appear to learn to perform different roles, such as identifying syntactic and semantic relationships. The text highlights that individual heads exhibit behavior related to the syntactic and semantic structure of the sentences, and that multiple heads appear to be learning different tasks."
Why did the authors eliminate recurrence?,To improve parallelization and training speed without sacrificing model performance.,"The text states that self-attention layers are faster than recurrent layers when the sequence length is in the distance between positions, linearly for ConvS2S and logarithmically for ByteNet. This makes it more difficult to learn dependencies between distant positions. Therefore, the authors eliminated recurrence to reduce the computational complexity and improve the model’s ability to learn dependencies between distant positions."
How does the Transformer handle long sequences?,"Self-attention allows the model to directly connect distant positions in the sequence, efficiently handling long dependencies.","The Transformer addresses the challenge of long sequences by utilizing multi-head attention. This allows each position in the decoder to attend over all positions in the input sequence, mimicking the encoder-decoder attention mechanisms in sequence-to-sequence models like [38, 2, 9].
"
How does beam search affect translation quality?,Beam search helps generate higher-quality translations by exploring multiple possible outputs at each decoding step.,"In Table 3, rows (C) and (D) show that ""bigger models are better"" and ""dropout is very helpful in avoiding over-fitting,"" respectively. This suggests that a more sophisticated compatibility function than dot product may be beneficial. Therefore, beam search is helpful in improving translation quality."
What is the final output layer in the Transformer decoder?,A linear transformation followed by a softmax function that predicts the probability distribution over the target vocabulary.,"The final output layer in the Transformer decoder is a stack of 8 parallel attention layers, or heads."
